{"eval/loss": 0.24243316054344177, "eval/accuracy": 0.9216848673946958, "eval/runtime": 34.2629, "eval/samples_per_second": 93.541, "eval/steps_per_second": 11.704, "train/global_step": 0, "_timestamp": 1695707538.5723405, "_runtime": 19.516281604766846, "_step": 0, "_wandb": {"runtime": 12}}