{"eval/loss": 0.30853185057640076, "eval/accuracy": 0.8920377867746289, "eval/runtime": 47.6047, "eval/samples_per_second": 93.394, "eval/steps_per_second": 11.68, "train/global_step": 0, "_timestamp": 1695793377.3671937, "_runtime": 13.544151782989502, "_step": 0, "_wandb": {"runtime": 12}}