{"eval/loss": 0.6525470614433289, "eval/accuracy": 0.7351014040561622, "eval/runtime": 4.3762, "eval/samples_per_second": 732.366, "eval/steps_per_second": 11.654, "train/epoch": 5.0, "train/global_step": 2020, "_timestamp": 1695706709.0585294, "_runtime": 527.7608413696289, "_step": 9, "train/loss": 0.4676, "train/learning_rate": 9.009900990099011e-05, "train/train_runtime": 507.5758, "train/train_samples_per_second": 2544.546, "train/train_steps_per_second": 39.797, "train/total_flos": 4272575122453560.0, "train/train_loss": 0.30995807458858676, "_wandb": {"runtime": 526}}