Entity,Number of data,Hard EM,Soft EM,F1,BEM,Instentity
DATE,499,0.6833667334669339,0.7695390781563126,0.8476953907815631,0.8236472945891784,0.8577154308617234
