Entity,Number of data,Hard EM,Soft EM,F1,BEM,Instentity,Human
DATE,499,0.40080160320641284,0.5230460921843687,0.5811325392487718,0.7214428857715431,0.6112224448897795,0.7094188376753507
