Entity,Number of data,Hard EM,Soft EM,F1,BEM,Instrandom
DATE,36,0.8888888888888888,0.8888888888888888,1.0,0.9444444444444444,1.0
CARDINAL,47,0.8936170212765957,0.9361702127659575,0.9361702127659575,0.851063829787234,0.9787234042553191
QUANTITY,2,1.0,1.0,1.0,1.0,1.0
ORDINAL,1,0.0,0.0,1.0,1.0,0.0
MONEY,3,0.6666666666666666,0.6666666666666666,0.6666666666666666,0.3333333333333333,1.0
PERCENT,2,0.5,0.5,0.5,0.0,0.5
TIME,2,1.0,1.0,1.0,0.5,1.0
Overall,93,0.8709677419354839,0.8924731182795699,0.946236559139785,0.8494623655913979,0.967741935483871
