Entity,Number of data,Hard EM,Soft EM,F1,BEM,Instrandom,Human
DATE,36,0.6666666666666666,0.6666666666666666,0.7497354497354498,0.8333333333333334,0.7777777777777778,0.7777777777777778
CARDINAL,47,0.6170212765957447,0.6595744680851063,0.6973350526542015,0.7021276595744681,0.7021276595744681,0.723404255319149
QUANTITY,2,0.0,0.0,0.0,0.0,0.0,0.0
ORDINAL,1,0.0,0.0,0.6666666666666666,1.0,0.0,1.0
MONEY,3,0.0,0.0,0.0,0.3333333333333333,0.3333333333333333,0.3333333333333333
PERCENT,2,0.0,0.0,0.0,0.5,0.0,0.5
TIME,2,0.5,0.5,0.5,1.0,0.5,0.5
Overall,93,0.5806451612903226,0.6021505376344086,0.6605579605579606,0.7311827956989247,0.6774193548387096,0.7096774193548387
