{"eval/loss": 0.24437521398067474, "eval/accuracy": 0.9073324336482231, "eval/runtime": 6.5898, "eval/samples_per_second": 674.68, "eval/steps_per_second": 10.622, "train/epoch": 1.0, "train/global_step": 143, "_timestamp": 1696512649.929598, "_runtime": 77.89023017883301, "_step": 1, "train/train_runtime": 59.4042, "train/train_samples_per_second": 153.019, "train/train_steps_per_second": 2.407, "train/total_flos": 286596801185232.0, "train/train_loss": 0.3297442722987462, "_wandb": {"runtime": 76}}