{"eval/loss": 0.8368626832962036, "eval/accuracy": 0.45996401259559155, "eval/runtime": 6.7516, "eval/samples_per_second": 658.506, "eval/steps_per_second": 10.368, "train/epoch": 3.0, "train/global_step": 429, "_timestamp": 1695793567.2724974, "_runtime": 151.37316036224365, "_step": 3, "train/train_runtime": 135.5553, "train/train_samples_per_second": 3352.875, "train/train_steps_per_second": 52.746, "train/total_flos": 989140318186920.0, "train/train_loss": 0.6197257942253059, "_wandb": {"runtime": 150}}