{"train/loss": 0.3703, "train/learning_rate": 4.954591321897074e-05, "train/epoch": 1.0, "train/global_step": 991, "_timestamp": 1696521361.5393085, "_runtime": 225.9227476119995, "_step": 2, "eval/loss": 0.1843305379152298, "eval/accuracy": 0.9274193548387096, "eval/runtime": 8.1588, "eval/samples_per_second": 349.561, "eval/steps_per_second": 5.516, "train/train_runtime": 202.3093, "train/train_samples_per_second": 313.431, "train/train_steps_per_second": 4.898, "train/total_flos": 1758998127282480.0, "train/train_loss": 0.2966442550828551, "_wandb": {"runtime": 220}}