{"eval/loss": 0.35480138659477234, "eval/accuracy": 0.8701530612244898, "eval/runtime": 4.9838, "eval/samples_per_second": 786.545, "eval/steps_per_second": 12.44, "train/epoch": 3.0, "train/global_step": 1212, "_timestamp": 1695705217.2889621, "_runtime": 294.50560903549194, "_step": 5, "train/loss": 0.2384, "train/learning_rate": 9.504950495049505e-05, "train/train_runtime": 278.1219, "train/train_samples_per_second": 4643.826, "train/train_steps_per_second": 72.63, "train/total_flos": 2340933490086180.0, "train/train_loss": 0.2979989004607248, "_wandb": {"runtime": 293}}