{"eval/loss": 0.25588491559028625, "eval/accuracy": 0.9071075123706702, "eval/runtime": 5.2199, "eval/samples_per_second": 851.746, "eval/steps_per_second": 13.41, "train/epoch": 1.0, "train/global_step": 143, "_timestamp": 1698748966.4510632, "_runtime": 59.10145616531372, "_step": 1, "train/train_runtime": 44.4338, "train/train_samples_per_second": 204.574, "train/train_steps_per_second": 3.218, "train/total_flos": 286596801185232.0, "train/train_loss": 0.3389099494560615, "_wandb": {"runtime": 58}}