{"eval/loss": 1.113511323928833, "eval/accuracy": 0.5429017160686428, "eval/runtime": 34.0019, "eval/samples_per_second": 94.26, "eval/steps_per_second": 11.793, "train/global_step": 0, "_timestamp": 1695707191.9605386, "_runtime": 13.25676965713501, "_step": 0, "_wandb": {"runtime": 12}}