{"eval/loss": 0.24243314564228058, "eval/accuracy": 0.9216848673946958, "eval/runtime": 3.342, "eval/samples_per_second": 958.994, "eval/steps_per_second": 15.26, "train/epoch": 4.0, "train/global_step": 1616, "_timestamp": 1695706487.7268386, "_runtime": 292.13233256340027, "_step": 7, "train/loss": 0.159, "train/learning_rate": 9.257425742574259e-05, "train/train_runtime": 276.6786, "train/train_samples_per_second": 4668.051, "train/train_steps_per_second": 73.009, "train/total_flos": 3117772992146820.0, "train/train_loss": 0.2344411859417906, "_wandb": {"runtime": 291}}