{"train/loss": 0.1435, "train/learning_rate": 9.42987457240593e-05, "train/epoch": 3.0, "train/global_step": 2631, "_timestamp": 1695817405.5814373, "_runtime": 558.0496973991394, "_step": 8, "eval/loss": 0.24198374152183533, "eval/accuracy": 0.9271916790490342, "eval/runtime": 5.9483, "eval/samples_per_second": 1018.28, "eval/steps_per_second": 15.971, "train/train_runtime": 537.4444, "train/train_samples_per_second": 5219.517, "train/train_steps_per_second": 81.59, "train/total_flos": 4664297122784160.0, "train/train_loss": 0.2191972330195602, "_wandb": {"runtime": 555}}