{"eval/loss": 0.2545180916786194, "eval/accuracy": 0.9010920436817472, "eval/runtime": 34.0607, "eval/samples_per_second": 94.097, "eval/steps_per_second": 11.773, "train/global_step": 0, "_timestamp": 1695706064.8010685, "_runtime": 12.343057632446289, "_step": 0, "_wandb": {"runtime": 11}}