{"eval/loss": 0.2710984945297241, "eval/accuracy": 0.8886618998978549, "eval/runtime": 2.6536, "eval/samples_per_second": 737.859, "eval/steps_per_second": 11.682, "train/epoch": 1.0, "train/global_step": 246, "_timestamp": 1696513450.9282541, "_runtime": 64.42597603797913, "_step": 1, "train/train_runtime": 47.5506, "train/train_samples_per_second": 330.469, "train/train_steps_per_second": 5.173, "train/total_flos": 359009896150920.0, "train/train_loss": 0.4681099992457444, "_wandb": {"runtime": 63}}