Entity,Number of data,Hard EM,Soft EM,F1,BEM,Instentity
DATE,499,0.7535070140280561,0.8396793587174348,0.8897795591182365,0.8537074148296593,0.38276553106212424
CARDINAL,169,0.727810650887574,0.7751479289940828,0.7928994082840237,0.757396449704142,0.378698224852071
QUANTITY,19,0.3684210526315789,0.5263157894736842,0.5789473684210527,0.5789473684210527,0.2631578947368421
ORDINAL,13,0.7692307692307693,0.8461538461538461,0.8461538461538461,0.7692307692307693,0.46153846153846156
MONEY,11,0.7272727272727273,0.8181818181818182,0.9090909090909091,0.9090909090909091,0.45454545454545453
PERCENT,10,0.7,0.8,1.0,0.8,0.5
TIME,7,0.7142857142857143,0.7142857142857143,1.0,0.8571428571428571,0.5714285714285714
Overall,728,0.7362637362637363,0.8145604395604396,0.8612637362637363,0.8228021978021978,0.38461538461538464
