{"train/loss": 0.1945, "train/learning_rate": 9.42987457240593e-05, "train/epoch": 3.0, "train/global_step": 2631, "_timestamp": 1696503808.342214, "_runtime": 421.5284152030945, "_step": 8, "eval/loss": 0.5589584708213806, "eval/accuracy": 0.7302294865444939, "eval/runtime": 4.3124, "eval/samples_per_second": 1404.563, "eval/steps_per_second": 22.03, "train/train_runtime": 403.282, "train/train_samples_per_second": 6955.926, "train/train_steps_per_second": 108.733, "train/total_flos": 3232578315042720.0, "train/train_loss": 0.23915232908857137, "_wandb": {"runtime": 420}}