{"eval/loss": 0.32578879594802856, "eval/accuracy": 0.8882141250562303, "eval/runtime": 5.687, "eval/samples_per_second": 781.785, "eval/steps_per_second": 12.309, "train/epoch": 1.0, "train/global_step": 143, "_timestamp": 1695802395.365487, "_runtime": 62.558678150177, "_step": 1, "train/train_runtime": 45.1708, "train/train_samples_per_second": 201.236, "train/train_steps_per_second": 3.166, "train/total_flos": 330407874433680.0, "train/train_loss": 0.37730669141649364, "_wandb": {"runtime": 61}}