Entity,Number of data,Hard EM,Soft EM,F1,BEM,Instzero
DATE,52,0.6538461538461539,0.7884615384615384,0.8461538461538461,0.9038461538461539,0.9807692307692307
CARDINAL,105,0.819047619047619,0.9047619047619048,0.9238095238095239,0.8666666666666667,0.9333333333333333
QUANTITY,1,0.0,0.0,0.0,0.0,0.0
ORDINAL,3,0.6666666666666666,0.6666666666666666,1.0,1.0,0.6666666666666666
MONEY,4,0.5,0.5,0.5,1.0,1.0
PERCENT,2,1.0,0.5,0.5,0.5,1.0
TIME,5,0.8,1.0,1.0,0.6,0.8
