Entity,Number of data,Hard EM,Soft EM,F1,BEM,Instrandom
DATE,52,0.3269230769230769,0.8269230769230769,0.40384615384615385,0.8461538461538461,0.8846153846153846
CARDINAL,105,0.42857142857142855,0.9238095238095239,0.47619047619047616,0.819047619047619,0.9619047619047619
QUANTITY,1,0.0,0.0,0.0,1.0,1.0
ORDINAL,3,0.3333333333333333,1.0,0.6666666666666666,0.6666666666666666,1.0
MONEY,4,0.5,0.5,0.5,0.75,1.0
PERCENT,2,0.5,0.5,0.5,0.5,1.0
TIME,5,0.6,1.0,0.8,0.6,1.0
Overall,172,0.4011627906976744,0.877906976744186,0.46511627906976744,0.813953488372093,0.9418604651162791
