{"eval/loss": 0.38241690397262573, "eval/accuracy": 0.8596491228070176, "eval/runtime": 5.3295, "eval/samples_per_second": 834.227, "eval/steps_per_second": 13.134, "train/epoch": 1.0, "train/global_step": 143, "_timestamp": 1696520717.601975, "_runtime": 58.10951495170593, "_step": 1, "train/train_runtime": 41.4329, "train/train_samples_per_second": 219.391, "train/train_steps_per_second": 3.451, "train/total_flos": 299219964375480.0, "train/train_loss": 0.4109112399441379, "_wandb": {"runtime": 57}}