{"eval/loss": 0.1970529556274414, "eval/accuracy": 0.9273638071383845, "eval/runtime": 3.5028, "eval/samples_per_second": 911.853, "eval/steps_per_second": 14.274, "train/epoch": 5.0, "train/global_step": 2010, "_timestamp": 1695807712.74357, "_runtime": 390.03289103507996, "_step": 9, "train/loss": 0.1613, "train/learning_rate": 9.00497512437811e-05, "train/train_runtime": 371.0648, "train/train_samples_per_second": 3466.107, "train/train_steps_per_second": 54.168, "train/total_flos": 2967851079469620.0, "train/train_loss": 0.23188462310762548, "_wandb": {"runtime": 387}}