Entity,Number of data,Hard EM,Soft EM,F1,BEM,Instentity,Human
DATE,437,0.004576659038901602,0.5102974828375286,0.1761356043844822,0.8604118993135011,0.540045766590389,0.6773455377574371
Overall,437,0.004576659038901602,0.5102974828375286,0.1761356043844822,0.8604118993135011,0.540045766590389,0.6773455377574371
