{"eval/loss": 0.22478258609771729, "eval/accuracy": 0.9116445352400409, "eval/runtime": 2.6353, "eval/samples_per_second": 742.981, "eval/steps_per_second": 11.763, "train/epoch": 2.03, "train/global_step": 500, "_timestamp": 1696510725.198759, "_runtime": 112.46040296554565, "_step": 2, "train/loss": 0.3784, "train/learning_rate": 9.59349593495935e-05}