{"eval/loss": 0.17987091839313507, "eval/accuracy": 0.9348778960551033, "eval/runtime": 32.4121, "eval/samples_per_second": 98.543, "eval/steps_per_second": 12.341, "train/global_step": 0, "_timestamp": 1695708498.2487435, "_runtime": 12.507677555084229, "_step": 0, "_wandb": {"runtime": 11}}