{"eval/loss": 0.24729926884174347, "eval/accuracy": 0.9073324336482231, "eval/runtime": 7.0556, "eval/samples_per_second": 630.135, "eval/steps_per_second": 9.921, "train/epoch": 1.0, "train/global_step": 143, "_timestamp": 1698305916.427814, "_runtime": 74.33765006065369, "_step": 1, "train/train_runtime": 58.2118, "train/train_samples_per_second": 156.154, "train/train_steps_per_second": 2.457, "train/total_flos": 286596801185232.0, "train/train_loss": 0.329690359689139, "_wandb": {"runtime": 73}}