{"train/loss": 0.2483, "train/learning_rate": 9.495459132189707e-05, "train/epoch": 3.0, "train/global_step": 2973, "_timestamp": 1696501580.636051, "_runtime": 641.9098370075226, "_step": 8, "eval/loss": 0.30879276990890503, "eval/accuracy": 0.858345715700842, "eval/runtime": 6.4641, "eval/samples_per_second": 937.018, "eval/steps_per_second": 14.697, "train/train_runtime": 612.8586, "train/train_samples_per_second": 5173.297, "train/train_steps_per_second": 80.851, "train/total_flos": 5277534992844000.0, "train/train_loss": 0.2740557581096076, "_wandb": {"runtime": 636}}