{"train/loss": 0.1034, "train/learning_rate": 9.42987457240593e-05, "train/epoch": 3.0, "train/global_step": 2631, "_timestamp": 1696505683.0183482, "_runtime": 651.4935002326965, "_step": 8, "eval/loss": 0.17255493998527527, "eval/accuracy": 0.9318144295856035, "eval/runtime": 6.2826, "eval/samples_per_second": 964.099, "eval/steps_per_second": 15.121, "train/train_runtime": 631.3023, "train/train_samples_per_second": 4443.513, "train/train_steps_per_second": 69.46, "train/total_flos": 3148747578723264.0, "train/train_loss": 0.14182486220576926, "_wandb": {"runtime": 650}}