{"eval/loss": 1.113511323928833, "eval/accuracy": 0.5429017160686428, "eval/runtime": 34.0358, "eval/samples_per_second": 94.166, "eval/steps_per_second": 11.782, "train/global_step": 0, "_timestamp": 1695706836.6258638, "_runtime": 12.0379056930542, "_step": 0, "_wandb": {"runtime": 11}}