{"eval/loss": 0.8416627645492554, "eval/accuracy": 0.45996401259559155, "eval/runtime": 5.6052, "eval/samples_per_second": 793.189, "eval/steps_per_second": 12.488, "train/epoch": 3.0, "train/global_step": 429, "_timestamp": 1695793111.8884072, "_runtime": 150.68558430671692, "_step": 3, "train/train_runtime": 134.6056, "train/train_samples_per_second": 3376.532, "train/train_steps_per_second": 53.118, "train/total_flos": 989140318186920.0, "train/train_loss": 0.6187583372031614, "_wandb": {"runtime": 149}}