{"eval/loss": 0.3950307369232178, "eval/accuracy": 0.8767857142857143, "eval/runtime": 5.1935, "eval/samples_per_second": 754.792, "eval/steps_per_second": 11.938, "train/epoch": 4.0, "train/global_step": 1616, "_timestamp": 1695705418.8957253, "_runtime": 434.24265718460083, "_step": 7, "train/loss": 0.3587, "train/learning_rate": 9.257425742574259e-05, "train/train_runtime": 415.1609, "train/train_samples_per_second": 3110.962, "train/train_steps_per_second": 48.656, "train/total_flos": 3419139983845140.0, "train/train_loss": 0.3240085993662919, "_wandb": {"runtime": 432}}