{"eval/loss": 0.8410653471946716, "eval/accuracy": 0.45996401259559155, "eval/runtime": 5.6762, "eval/samples_per_second": 783.265, "eval/steps_per_second": 12.332, "train/epoch": 3.0, "train/global_step": 429, "_timestamp": 1695793315.7773573, "_runtime": 152.5940864086151, "_step": 3, "train/train_runtime": 133.9771, "train/train_samples_per_second": 3392.37, "train/train_steps_per_second": 53.367, "train/total_flos": 989140318186920.0, "train/train_loss": 0.6182140714916594, "_wandb": {"runtime": 151}}