{"eval/loss": 0.2728065252304077, "eval/accuracy": 0.9121552604698672, "eval/runtime": 2.6766, "eval/samples_per_second": 731.512, "eval/steps_per_second": 11.582, "train/epoch": 4.0, "train/global_step": 984, "_timestamp": 1696510991.710453, "_runtime": 210.6345739364624, "_step": 5, "train/loss": 0.3784, "train/learning_rate": 9.59349593495935e-05, "train/train_runtime": 193.9844, "train/train_samples_per_second": 4050.325, "train/train_steps_per_second": 63.407, "train/total_flos": 1439169167273880.0, "train/train_loss": 0.2890993056258535, "_wandb": {"runtime": 209}}