{"eval/loss": 0.16517186164855957, "eval/accuracy": 0.9397344228804902, "eval/runtime": 2.8171, "eval/samples_per_second": 695.044, "eval/steps_per_second": 11.004, "train/epoch": 1.0, "train/global_step": 246, "_timestamp": 1698749048.6497257, "_runtime": 69.03026270866394, "_step": 1, "train/train_runtime": 55.2237, "train/train_samples_per_second": 284.552, "train/train_steps_per_second": 4.455, "train/total_flos": 349149493054344.0, "train/train_loss": 0.26802568513203445, "_wandb": {"runtime": 68}}