{"train/loss": 0.2594, "train/learning_rate": 4.954591321897074e-05, "train/epoch": 1.0, "train/global_step": 991, "_timestamp": 1698306105.1820743, "_runtime": 308.16076827049255, "_step": 2, "eval/loss": 0.10474257916212082, "eval/accuracy": 0.9645862552594671, "eval/runtime": 3.9389, "eval/samples_per_second": 724.067, "eval/steps_per_second": 11.425, "train/train_runtime": 286.5252, "train/train_samples_per_second": 221.307, "train/train_steps_per_second": 3.459, "train/total_flos": 1706194792111584.0, "train/train_loss": 0.21143752174107988, "_wandb": {"runtime": 307}}