{"eval/loss": 0.1761397272348404, "eval/accuracy": 0.9382022471910112, "eval/runtime": 3.357, "eval/samples_per_second": 583.265, "eval/steps_per_second": 9.235, "train/epoch": 1.0, "train/global_step": 246, "_timestamp": 1696513101.035508, "_runtime": 91.00505900382996, "_step": 1, "train/train_runtime": 72.4538, "train/train_samples_per_second": 216.883, "train/train_steps_per_second": 3.395, "train/total_flos": 349149493054344.0, "train/train_loss": 0.2712947566334794, "_wandb": {"runtime": 90}}