{"train/loss": 0.0936, "train/learning_rate": 9.42987457240593e-05, "train/epoch": 3.0, "train/global_step": 2631, "_timestamp": 1696506498.9504063, "_runtime": 814.344865322113, "_step": 8, "eval/loss": 0.2084680199623108, "eval/accuracy": 0.9394089483242529, "eval/runtime": 7.7897, "eval/samples_per_second": 777.564, "eval/steps_per_second": 12.196, "train/train_runtime": 793.8648, "train/train_samples_per_second": 3533.599, "train/train_steps_per_second": 55.236, "train/total_flos": 4566312589177440.0, "train/train_loss": 0.13861734157549208, "_wandb": {"runtime": 813}}