{"eval/loss": 0.23617620766162872, "eval/accuracy": 0.9160686427457099, "eval/runtime": 3.9094, "eval/samples_per_second": 819.809, "eval/steps_per_second": 13.045, "train/epoch": 4.0, "train/global_step": 1616, "_timestamp": 1695807716.0459285, "_runtime": 380.942090511322, "_step": 7, "train/loss": 0.179, "train/learning_rate": 9.257425742574259e-05, "train/train_runtime": 363.9697, "train/train_samples_per_second": 3548.51, "train/train_steps_per_second": 55.499, "train/total_flos": 3117772992146820.0, "train/train_loss": 0.25181576285031765, "_wandb": {"runtime": 380}}