{"eval/loss": 0.33934471011161804, "eval/accuracy": 0.8675213675213675, "eval/runtime": 5.2553, "eval/samples_per_second": 845.998, "eval/steps_per_second": 13.32, "train/epoch": 1.0, "train/global_step": 143, "_timestamp": 1696521680.0156937, "_runtime": 60.92431163787842, "_step": 1, "train/train_runtime": 40.937, "train/train_samples_per_second": 222.048, "train/train_steps_per_second": 3.493, "train/total_flos": 299219964375480.0, "train/train_loss": 0.40531158447265625, "_wandb": {"runtime": 56}}