Entity,Number of data,Hard EM,Soft EM,F1,BEM,Instentity
DATE,499,0.33266533066132264,0.8016032064128257,0.37074148296593185,0.7735470941883767,0.8917835671342685
