Entity,Number of data,Hard EM,Soft EM,F1,BEM,Instentity,Human
DATE,499,0.006012024048096192,0.5270541082164328,0.17760370037901121,0.8677354709418837,0.6332665330661322,0.6733466933867736
