{"train/loss": 0.1273, "train/learning_rate": 9.213630406290958e-05, "train/epoch": 4.0, "train/global_step": 3052, "_timestamp": 1695808029.4192016, "_runtime": 674.4906475543976, "_step": 10, "eval/loss": 0.25979503989219666, "eval/accuracy": 0.9232293214462606, "eval/runtime": 5.9481, "eval/samples_per_second": 1018.311, "eval/steps_per_second": 15.972, "train/train_runtime": 655.4366, "train/train_samples_per_second": 3722.557, "train/train_steps_per_second": 58.205, "train/total_flos": 5509226888194800.0, "train/train_loss": 0.2101999527504997, "_wandb": {"runtime": 673}}