{"eval/loss": 0.24243316054344177, "eval/accuracy": 0.9216848673946958, "eval/runtime": 34.1172, "eval/samples_per_second": 93.941, "eval/steps_per_second": 11.754, "train/global_step": 0, "_timestamp": 1695793953.4275992, "_runtime": 13.559149265289307, "_step": 0, "_wandb": {"runtime": 12}}