{"eval/loss": 0.3437274396419525, "eval/accuracy": 0.8672964462438146, "eval/runtime": 5.7119, "eval/samples_per_second": 778.38, "eval/steps_per_second": 12.255, "train/epoch": 1.0, "train/global_step": 143, "_timestamp": 1695807421.3013604, "_runtime": 56.645984411239624, "_step": 1, "train/train_runtime": 41.9654, "train/train_samples_per_second": 216.607, "train/train_steps_per_second": 3.408, "train/total_flos": 299219964375480.0, "train/train_loss": 0.4169136260772918, "_wandb": {"runtime": 55}}