Entity,Number of data,Hard EM,Soft EM,F1,BEM,Instentity
DATE,499,0.33266533066132264,0.8016032064128257,0.37074148296593185,0.7735470941883767,0.8517034068136272
CARDINAL,169,0.31952662721893493,0.7928994082840237,0.3431952662721893,0.727810650887574,0.8816568047337278
QUANTITY,19,0.2631578947368421,0.5789473684210527,0.3157894736842105,0.7894736842105263,0.7368421052631579
ORDINAL,13,0.23076923076923078,0.7692307692307693,0.3076923076923077,0.8461538461538461,0.6923076923076923
MONEY,11,0.2727272727272727,0.7272727272727273,0.2727272727272727,0.6363636363636364,0.8181818181818182
PERCENT,10,0.6,0.8,0.7,0.4,0.6
TIME,7,0.2857142857142857,0.5714285714285714,0.2857142857142857,0.7142857142857143,1.0
Overall,728,0.3282967032967033,0.7898351648351648,0.364010989010989,0.7568681318681318,0.8502747252747253
