{"eval/loss": 0.21066056191921234, "eval/accuracy": 0.9330949948927477, "eval/runtime": 3.4174, "eval/samples_per_second": 572.957, "eval/steps_per_second": 9.071, "train/epoch": 4.0, "train/global_step": 984, "_timestamp": 1696511890.5852907, "_runtime": 308.01910972595215, "_step": 5, "train/loss": 0.2445, "train/learning_rate": 9.59349593495935e-05, "train/train_runtime": 290.2305, "train/train_samples_per_second": 2707.158, "train/train_steps_per_second": 42.38, "train/total_flos": 1400251786968936.0, "train/train_loss": 0.18982356156760116, "_wandb": {"runtime": 307}}