{"train/loss": 0.6786, "train/learning_rate": 9.087799315849487e-05, "train/epoch": 5.0, "train/global_step": 4385, "_timestamp": 1696499626.3907797, "_runtime": 918.5932106971741, "_step": 13, "eval/loss": 0.7084619998931885, "eval/accuracy": 0.5131253095591877, "eval/runtime": 5.8716, "eval/samples_per_second": 1031.583, "eval/steps_per_second": 16.18, "train/train_runtime": 900.4886, "train/train_samples_per_second": 3115.198, "train/train_steps_per_second": 48.696, "train/total_flos": 7803335346536160.0, "train/train_loss": 0.3908440741057271, "_wandb": {"runtime": 917}}