Entity,Number of data,Hard EM,Soft EM,F1,BEM,Instentity,Human
DATE,52,0.0,0.7307692307692307,0.10072651262805571,0.9423076923076923,0.8461538461538461,0.8269230769230769
