Entity,Number of data,Hard EM,Soft EM,F1,BEM,Instentity
DATE,52,0.17307692307692307,0.8653846153846154,0.17307692307692307,0.8461538461538461,0.8653846153846154
