{"train/loss": 0.118, "train/learning_rate": 9.091826437941474e-05, "train/epoch": 5.0, "train/global_step": 4955, "_timestamp": 1696508415.9153774, "_runtime": 1498.8512754440308, "_step": 14, "eval/loss": 0.27559104561805725, "eval/accuracy": 0.8979692917285785, "eval/runtime": 7.8564, "eval/samples_per_second": 770.961, "eval/steps_per_second": 12.092, "train/train_runtime": 1476.4665, "train/train_samples_per_second": 2147.357, "train/train_steps_per_second": 33.56, "train/total_flos": 8523361075645176.0, "train/train_loss": 0.1573094934796469, "_wandb": {"runtime": 1498}}