Entity,Number of data,Hard EM,Soft EM,F1,BEM,Instentity
DATE,52,0.3076923076923077,0.8461538461538461,0.4230769230769231,0.8461538461538461,0.9615384615384616
CARDINAL,105,0.2857142857142857,0.9047619047619048,0.3142857142857143,0.8285714285714286,0.8761904761904762
QUANTITY,1,0.0,0.0,0.0,1.0,1.0
ORDINAL,3,1.0,1.0,1.0,0.6666666666666666,1.0
MONEY,4,0.5,0.5,0.5,1.0,1.0
PERCENT,2,0.5,1.0,0.5,0.5,1.0
TIME,5,0.4,1.0,0.6,0.6,1.0
Overall,172,0.313953488372093,0.877906976744186,0.37209302325581395,0.8255813953488372,0.9127906976744186
