{"train/loss": 0.1862, "train/learning_rate": 9.213630406290958e-05, "train/epoch": 4.0, "train/global_step": 3052, "_timestamp": 1695805333.5280507, "_runtime": 665.0435216426849, "_step": 10, "eval/loss": 0.25626999139785767, "eval/accuracy": 0.910516757470695, "eval/runtime": 11.0505, "eval/samples_per_second": 548.119, "eval/steps_per_second": 8.597, "train/train_runtime": 641.1168, "train/train_samples_per_second": 3805.703, "train/train_steps_per_second": 59.506, "train/total_flos": 5509226888194800.0, "train/train_loss": 0.21132144046798446, "_wandb": {"runtime": 664}}