{"eval/loss": 0.17870032787322998, "eval/accuracy": 0.9341653666146645, "eval/runtime": 32.5759, "eval/samples_per_second": 98.386, "eval/steps_per_second": 12.31, "train/global_step": 0, "_timestamp": 1695707322.7739837, "_runtime": 13.491943597793579, "_step": 0, "_wandb": {"runtime": 11}}