Entity,Number of data,BEM,F1,Soft EM,Soft EM expansion by inst_expand,Human
PERSON,1035,0.9497584541062802,0.20255918265818149,0.6521739130434783,0.7584541062801933,0.7236714975845411
GPE,288,0.9201388888888888,0.19145368942172503,0.6979166666666666,0.8506944444444444,0.8020833333333334
ORG,198,0.9292929292929293,0.18003699791367334,0.6666666666666666,0.803030303030303,0.7575757575757576
NORP,80,0.9,0.11544215997179899,0.5,0.65,0.75
LOC,46,0.8695652173913043,0.18555192037888446,0.5434782608695652,0.6304347826086957,0.8260869565217391
Overall,1647,0.9374620522161505,0.19320309855904955,0.6514875531268974,0.7710989678202793,0.7455980570734669
