Entity,Number of data,BEM,F1,Soft EM,Soft EM expansion by inst_expand
PERSON,1035,0.7719806763285024,0.3178743961352657,0.8782608695652174,0.9053140096618357
GPE,288,0.8402777777777778,0.23958333333333334,0.8541666666666666,0.8958333333333334
ORG,198,0.8282828282828283,0.2828282828282828,0.8484848484848485,0.8131313131313131
NORP,80,0.725,0.2625,0.675,0.75
LOC,46,0.9130434782608695,0.2391304347826087,0.717391304347826,0.8043478260869565
