Entity,Number of data,BEM,F1,Soft EM,Soft EM expansion by inst_expand
PERSON,1035,0.7198067632850241,0.46570048309178746,0.9352657004830918,0.9304347826086956
GPE,288,0.8159722222222222,0.3055555555555556,0.8680555555555556,0.8680555555555556
ORG,198,0.8131313131313131,0.37373737373737376,0.8838383838383839,0.8585858585858586
NORP,80,0.7625,0.3625,0.775,0.7875
LOC,46,0.8043478260869565,0.391304347826087,0.7608695652173914,0.7608695652173914
