Entity,Number of data,BEM,F1,Soft EM,Soft EM expansion by inst_expand,Human
PERSON,1035,0.8792270531400966,0.19861588076695427,0.5458937198067633,0.6550724637681159,0.6086956521739131
GPE,288,0.8784722222222222,0.17920613213045922,0.6180555555555556,0.7916666666666666,0.75
ORG,198,0.8838383838383839,0.1993180997946404,0.5909090909090909,0.7373737373737373,0.696969696969697
NORP,80,0.8875,0.13126353431568025,0.475,0.6125,0.7
LOC,46,0.8478260869565217,0.23409659928592558,0.5,0.5434782608695652,0.7391304347826086
Overall,1647,0.8791742562234366,0.19302569078270534,0.5591985428051002,0.6836672738312083,0.6520947176684881
