Entity,Number of data,BEM,F1,Soft EM,Soft EM expansion by inst_expand,Human
PERSON,1035,0.9584541062801932,0.1266076134505359,0.7681159420289855,0.8618357487922705,0.8579710144927536
GPE,288,0.875,0.10059683924147922,0.7152777777777778,0.8402777777777778,0.8194444444444444
ORG,198,0.9191919191919192,0.1066740547360732,0.696969696969697,0.8131313131313131,0.8181818181818182
NORP,80,0.825,0.08819684466002026,0.6625,0.775,0.825
LOC,46,0.8043478260869565,0.11765928149366012,0.6086956521739131,0.6304347826086957,0.782608695652174
Overall,1647,0.928354584092289,0.1175472416406212,0.7407407407407407,0.8415300546448088,0.8427443837279903
