Entity,Number of data,BEM,F1,Soft EM,Soft EM expansion by inst_expand
PERSON,1035,0.8840579710144928,0.14492753623188406,0.885024154589372,0.9420289855072463
GPE,288,0.8541666666666666,0.1840277777777778,0.8333333333333334,0.8680555555555556
ORG,198,0.8686868686868687,0.18686868686868688,0.8484848484848485,0.8737373737373737
NORP,80,0.85,0.175,0.7875,0.875
LOC,46,0.8478260869565217,0.21739130434782608,0.782608695652174,0.7608695652173914
