{"train/loss": 0.1273, "train/learning_rate": 9.213630406290958e-05, "train/epoch": 4.0, "train/global_step": 3052, "_timestamp": 1695813691.3857515, "_runtime": 648.4146935939789, "_step": 10, "eval/loss": 0.25979503989219666, "eval/accuracy": 0.9232293214462606, "eval/runtime": 5.8759, "eval/samples_per_second": 1030.826, "eval/steps_per_second": 16.168, "train/train_runtime": 629.8585, "train/train_samples_per_second": 3873.727, "train/train_steps_per_second": 60.569, "train/total_flos": 5509226888194800.0, "train/train_loss": 0.2101999527504997, "_wandb": {"runtime": 647}}