{"eval/loss": 0.3569921851158142, "eval/accuracy": 0.8654970760233918, "eval/runtime": 6.985, "eval/samples_per_second": 636.506, "eval/steps_per_second": 10.021, "train/epoch": 1.0, "train/global_step": 143, "_timestamp": 1696520002.5254054, "_runtime": 61.61122441291809, "_step": 1, "train/train_runtime": 42.9898, "train/train_samples_per_second": 211.445, "train/train_steps_per_second": 3.326, "train/total_flos": 299219964375480.0, "train/train_loss": 0.43429085258003713, "_wandb": {"runtime": 60}}