Entity,Number of data,Hard EM,Soft EM,F1,BEM,Instzero,Human
DATE,52,0.0,0.7307692307692307,0.10072651262805571,0.9423076923076923,0.9807692307692307,0.8269230769230769
CARDINAL,105,0.0,0.7238095238095238,0.06793590686024621,0.9333333333333333,0.9333333333333333,0.8095238095238095
QUANTITY,1,0.0,0.0,0.0,1.0,1.0,0.0
ORDINAL,3,0.0,0.6666666666666666,0.1858974358974359,1.0,0.6666666666666666,0.6666666666666666
MONEY,4,0.0,0.25,0.05583847535733812,0.75,0.75,0.5
PERCENT,2,0.0,0.5,0.012987012987012988,1.0,1.0,0.5
TIME,5,0.0,1.0,0.06028294735741544,1.0,1.0,1.0
PERSON,744,0.0,0.864247311827957,0.10743364288222292,0.9690860215053764,0.9260752688172043,0.918010752688172
GPE,296,0.0,0.8817567567567568,0.136149910745642,0.9864864864864865,0.9155405405405406,0.918918918918919
