{"eval/loss": 0.23617620766162872, "eval/accuracy": 0.9160686427457099, "eval/runtime": 14.2187, "eval/samples_per_second": 225.407, "eval/steps_per_second": 3.587, "train/epoch": 4.0, "train/global_step": 1616, "_timestamp": 1695813419.4822335, "_runtime": 400.52907252311707, "_step": 7, "train/loss": 0.179, "train/learning_rate": 9.257425742574259e-05, "train/train_runtime": 378.4074, "train/train_samples_per_second": 3413.121, "train/train_steps_per_second": 53.382, "train/total_flos": 3117772992146820.0, "train/train_loss": 0.25181576285031765, "_wandb": {"runtime": 394}}