{"eval/loss": 0.5029714107513428, "eval/accuracy": 0.8531264057579847, "eval/runtime": 5.3165, "eval/samples_per_second": 836.26, "eval/steps_per_second": 13.166, "train/epoch": 4.0, "train/global_step": 572, "_timestamp": 1695793100.350217, "_runtime": 181.71895909309387, "_step": 5, "train/loss": 0.261, "train/learning_rate": 9.300699300699301e-05, "train/train_runtime": 163.3947, "train/train_samples_per_second": 2781.608, "train/train_steps_per_second": 43.759, "train/total_flos": 1193758497052200.0, "train/train_loss": 0.24371867413287396, "_wandb": {"runtime": 180}}