Entity,Number of data,Hard EM,Soft EM,F1,BEM,Instzero
DATE,52,0.3269230769230769,0.8269230769230769,0.40384615384615385,0.8461538461538461,0.9615384615384616
CARDINAL,105,0.42857142857142855,0.9238095238095239,0.47619047619047616,0.819047619047619,0.9428571428571428
QUANTITY,1,0.0,0.0,0.0,1.0,1.0
ORDINAL,3,0.3333333333333333,1.0,0.6666666666666666,0.6666666666666666,1.0
MONEY,4,0.5,0.5,0.5,0.75,1.0
PERCENT,2,0.5,0.5,0.5,0.5,1.0
TIME,5,0.6,1.0,0.8,0.6,1.0
PERSON,744,0.45698924731182794,0.9516129032258065,0.5483870967741935,0.8870967741935484,0.967741935483871
