Entity,Number of data,Hard EM,Soft EM,F1,BEM,Instzero,Human
DATE,52,0.15384615384615385,0.6538461538461539,0.3415310502990694,0.8653846153846154,0.8653846153846154,0.8269230769230769
CARDINAL,105,0.1619047619047619,0.6571428571428571,0.2923154500145773,0.9142857142857143,0.7714285714285715,0.7333333333333333
QUANTITY,1,0.0,0.0,0.28571428571428575,1.0,1.0,1.0
ORDINAL,3,0.0,0.6666666666666666,0.3507936507936508,1.0,0.6666666666666666,0.6666666666666666
MONEY,4,0.0,0.0,0.06666666666666667,0.75,0.5,0.5
PERCENT,2,0.0,1.0,0.1769230769230769,1.0,0.5,0.5
TIME,5,0.2,0.6,0.45353535353535357,1.0,0.6,0.6
PERSON,744,0.23387096774193547,0.728494623655914,0.4243338033198209,0.8790322580645161,0.771505376344086,0.7768817204301075
